{
  "connection_points": [
    {
      "id": 1,
      "position": {
        "x": -0.04164433829656387,
        "y": 0.04312419786955713,
        "z": 0.030256382823095975
      }
    }
  ]
}